{
  "beta": {
    "rmse": 0.013544074259918437,
    "mae": 0.013544074259918437,
    "max_abs_error": 0.013544074259918437,
    "per_coeff_relative_error": [
      0.00902938277974974
    ],
    "estimated": [
      1.5135440742599184
    ],
    "true": [
      1.5
    ]
  },
  "hazard": {
    "integrated_mse": 1.179834895930869,
    "integrated_relative_mse": 0.36914621253943397,
    "pointwise_max_error": 2.345184101581962,
    "covariate_scaling_adjustment": 1.044698822566063,
    "time_window": {
      "normalized_start": 0.0001,
      "normalized_end": 1.1,
      "original_start": 0.002322171930786301,
      "original_end": 17.01725307478385,
      "extension_fraction": 0.1
    }
  },
  "c_index": 0.7862485197587091,
  "thresholds": {
    "beta_rmse": 0.1,
    "hazard_irmse": 0.05,
    "c_index": 0.75
  },
  "thresholds_met": {
    "beta_rmse": true,
    "hazard_irmse": false,
    "c_index": true
  }
}