{
  "beta": {
    "rmse": 0.05068385601043701,
    "mae": 0.05068385601043701,
    "max_abs_error": 0.05068385601043701,
    "per_coeff_relative_error": [
      0.05068385550359846
    ],
    "estimated": [
      0.949316143989563
    ],
    "true": [
      1.0
    ]
  },
  "hazard": {
    "integrated_mse": 0.0310930104469359,
    "integrated_relative_mse": 1.038714078349114,
    "pointwise_max_error": 0.4508539539676748,
    "time_window": {
      "normalized_start": 0.0001,
      "normalized_end": 1.1,
      "original_start": 0.0011119849030837778,
      "original_end": 8.768020035446673,
      "extension_fraction": 0.1
    }
  },
  "c_index": 0.7126073308097128,
  "thresholds": {
    "beta_rmse": 0.1,
    "hazard_irmse": 0.05,
    "c_index": 0.75
  },
  "thresholds_met": {
    "beta_rmse": true,
    "hazard_irmse": false,
    "c_index": false
  }
}