{
  "beta": {
    "rmse": 0.05685023373067793,
    "mae": 0.04052335644715115,
    "max_abs_error": 0.10765209906825546,
    "per_coeff_relative_error": [
      0.03243231753376891,
      0.215304193830427,
      0.02091103467220188,
      0.07867848732350642
    ],
    "estimated": [
      1.032432317858092,
      -0.6076520990682555,
      0.2937266893892291,
      -0.18426430174851385
    ],
    "true": [
      1.0,
      -0.5,
      0.3,
      -0.2
    ]
  },
  "hazard": {
    "integrated_mse": 3.084128860761407,
    "integrated_relative_mse": 1.229399894630469,
    "pointwise_max_error": 4.754310700157085,
    "covariate_scaling_adjustment": 1.0230343871830638,
    "time_window": {
      "normalized_start": 0.0001,
      "normalized_end": 1.1,
      "original_start": 0.005091766348432166,
      "original_end": 28.880752377080455,
      "extension_fraction": 0.1
    }
  },
  "c_index": 0.7626084112179212,
  "thresholds": {
    "beta_rmse": 0.1,
    "hazard_irmse": 0.05,
    "c_index": 0.75
  },
  "thresholds_met": {
    "beta_rmse": true,
    "hazard_irmse": false,
    "c_index": true
  }
}