{
  "beta": {
    "rmse": 0.18578201532363892,
    "mae": 0.18578201532363892,
    "max_abs_error": 0.18578201532363892,
    "per_coeff_relative_error": [
      0.1857820134658188
    ],
    "estimated": [
      0.8142179846763611
    ],
    "true": [
      1.0
    ]
  },
  "hazard": {
    "integrated_mse": 0.0744333588681503,
    "integrated_relative_mse": 0.2977334235632641,
    "pointwise_max_error": 0.42899770547652
  },
  "c_index": 0.7163752484312543,
  "thresholds_met": {
    "beta_rmse": false,
    "hazard_irmse": false,
    "c_index": false
  }
}