{
  "beta": {
    "rmse": 0.04459542074089917,
    "mae": 0.04459542074089917,
    "max_abs_error": 0.04459542074089917,
    "per_coeff_relative_error": [
      0.029730280295730913
    ],
    "estimated": [
      1.5445954207408992
    ],
    "true": [
      1.5
    ]
  },
  "hazard": {
    "integrated_mse": 0.2094571824192487,
    "integrated_relative_mse": 0.5833927133239594,
    "pointwise_max_error": 1.0112368753751895,
    "covariate_scaling_adjustment": 1.0456364649305612,
    "time_window": {
      "normalized_start": 0.0001,
      "normalized_end": 1.1,
      "original_start": 0.003406611770586163,
      "original_end": 23.64804447453635,
      "extension_fraction": 0.1
    }
  },
  "c_index": 0.785885545581964,
  "thresholds": {
    "beta_rmse": 0.1,
    "hazard_irmse": 0.05,
    "c_index": 0.75
  },
  "thresholds_met": {
    "beta_rmse": true,
    "hazard_irmse": false,
    "c_index": true
  }
}