{
  "beta": {
    "rmse": 0.2962338924407959,
    "mae": 0.2962338924407959,
    "max_abs_error": 0.2962338924407959,
    "per_coeff_relative_error": [
      0.296233889478457
    ],
    "estimated": [
      0.7037661075592041
    ],
    "true": [
      1.0
    ]
  },
  "hazard": {
    "integrated_mse": 0.014818593104969035,
    "integrated_relative_mse": 0.0592743700489013,
    "pointwise_max_error": 0.18616638534821922
  },
  "c_index": 0.7163752484312543,
  "thresholds_met": {
    "beta_rmse": false,
    "hazard_irmse": false,
    "c_index": false
  }
}