{
  "beta": {
    "rmse": 0.095436692237854,
    "mae": 0.095436692237854,
    "max_abs_error": 0.095436692237854,
    "per_coeff_relative_error": [
      0.0954366912834871
    ],
    "estimated": [
      0.904563307762146
    ],
    "true": [
      1.0
    ]
  },
  "hazard": {
    "integrated_mse": 0.2105182389546642,
    "integrated_relative_mse": 0.10377075133835324,
    "pointwise_max_error": 1.1850030065233104,
    "time_window": {
      "normalized_start": 0.0001,
      "normalized_end": 1.1,
      "original_start": 0.0011119849030837778,
      "original_end": 8.768020035446673,
      "extension_fraction": 0.1
    }
  },
  "c_index": 0.7126073308097128,
  "thresholds": {
    "beta_rmse": 0.1,
    "hazard_irmse": 0.05,
    "c_index": 0.75
  },
  "thresholds_met": {
    "beta_rmse": true,
    "hazard_irmse": false,
    "c_index": false
  }
}