{
  "beta": {
    "rmse": 0.05652075591921668,
    "mae": 0.05652075591921668,
    "max_abs_error": 0.05652075591921668,
    "per_coeff_relative_error": [
      0.037680503694941095
    ],
    "estimated": [
      1.4434792440807833
    ],
    "true": [
      1.5
    ]
  },
  "hazard": {
    "integrated_mse": 0.15483443238103958,
    "integrated_relative_mse": 0.6193377047506496,
    "pointwise_max_error": 0.49144124923444726,
    "covariate_scaling_adjustment": 1.0425861969432404,
    "time_window": {
      "normalized_start": 0.0001,
      "normalized_end": 1.1,
      "original_start": 0.001969831249715263,
      "original_end": 14.35733204036221,
      "extension_fraction": 0.1
    }
  },
  "c_index": 0.7864698531525559,
  "thresholds": {
    "beta_rmse": 0.1,
    "hazard_irmse": 0.05,
    "c_index": 0.75
  },
  "thresholds_met": {
    "beta_rmse": true,
    "hazard_irmse": false,
    "c_index": true
  }
}