{
  "beta": {
    "rmse": 0.09527760839958592,
    "mae": 0.08112889380510709,
    "max_abs_error": 0.1395627852229191,
    "per_coeff_relative_error": [
      0.13956278382729126,
      0.03503441580810892,
      0.28768895020371354
    ],
    "estimated": [
      0.8604372147770809,
      -0.5175172082543986,
      0.38630668793800355
    ],
    "true": [
      1.0,
      -0.5,
      0.3
    ]
  },
  "hazard": {
    "integrated_mse": 0.1261317750946312,
    "integrated_relative_mse": 0.1682001345676707,
    "pointwise_max_error": 0.5161332792513289,
    "covariate_scaling_adjustment": 1.0058388633757147,
    "time_window": {
      "normalized_start": 0.0001,
      "normalized_end": 1.1,
      "original_start": 0.014825961756489826,
      "original_end": 10.613249878115735,
      "extension_fraction": 0.1
    }
  },
  "c_index": 0.7569988482004322,
  "thresholds": {
    "beta_rmse": 0.1,
    "hazard_irmse": 0.05,
    "c_index": 0.75
  },
  "thresholds_met": {
    "beta_rmse": true,
    "hazard_irmse": false,
    "c_index": true
  }
}