{
  "beta": {
    "rmse": 0.05684354365087962,
    "mae": 0.03950988688653945,
    "max_abs_error": 0.10153365883579768,
    "per_coeff_relative_error": [
      0.0026253667374975796,
      0.20306731361024907,
      0.16998198107532506,
      0.014429628899476256
    ],
    "estimated": [
      1.0026253667637512,
      -0.6015336588357977,
      0.24900540397758267,
      -0.20288592592419155
    ],
    "true": [
      1.0,
      -0.5,
      0.3,
      -0.2
    ]
  },
  "hazard": {
    "integrated_mse": 0.00297749718766882,
    "integrated_relative_mse": 0.011909988274275743,
    "pointwise_max_error": 0.28139575813220286,
    "covariate_scaling_adjustment": 1.0203812455463401,
    "time_window": {
      "normalized_start": 0.0001,
      "normalized_end": 1.1,
      "original_start": 0.001683246012521718,
      "original_end": 15.260264843058096,
      "extension_fraction": 0.1
    }
  },
  "c_index": 0.7629220388261682,
  "thresholds": {
    "beta_rmse": 0.1,
    "hazard_irmse": 0.05,
    "c_index": 0.75
  },
  "thresholds_met": {
    "beta_rmse": true,
    "hazard_irmse": true,
    "c_index": true
  }
}