{
  "beta": {
    "rmse": 0.16086396251085167,
    "mae": 0.16086396251085167,
    "max_abs_error": 0.16086396251085167,
    "per_coeff_relative_error": [
      0.10724264095895017
    ],
    "estimated": [
      1.3391360374891483
    ],
    "true": [
      1.5
    ]
  },
  "hazard": {
    "integrated_mse": 0.007812502802451727,
    "integrated_relative_mse": 0.03125000995980649,
    "pointwise_max_error": 0.2910666217392177,
    "covariate_scaling_adjustment": 1.0394479107145036,
    "time_window": {
      "normalized_start": 0.0001,
      "normalized_end": 1.1,
      "original_start": 0.001969831249715263,
      "original_end": 14.35733204036221,
      "extension_fraction": 0.1
    }
  },
  "c_index": 0.7864698531525559,
  "thresholds": {
    "beta_rmse": 0.1,
    "hazard_irmse": 0.05,
    "c_index": 0.75
  },
  "thresholds_met": {
    "beta_rmse": false,
    "hazard_irmse": true,
    "c_index": true
  }
}