{
  "beta": {
    "rmse": 0.013780389547263017,
    "mae": 0.013780389547263017,
    "max_abs_error": 0.013780389547263017,
    "per_coeff_relative_error": [
      0.009186926303595836
    ],
    "estimated": [
      1.513780389547263
    ],
    "true": [
      1.5
    ]
  },
  "hazard": {
    "integrated_mse": 0.8439231537532651,
    "integrated_relative_mse": 0.28834851422945973,
    "pointwise_max_error": 1.9515121324647078,
    "covariate_scaling_adjustment": 1.0447059552874771,
    "time_window": {
      "normalized_start": 0.0001,
      "normalized_end": 1.1,
      "original_start": 0.002322171930786301,
      "original_end": 17.01725307478385,
      "extension_fraction": 0.1
    }
  },
  "c_index": 0.7862485197587091,
  "thresholds": {
    "beta_rmse": 0.1,
    "hazard_irmse": 0.05,
    "c_index": 0.75
  },
  "thresholds_met": {
    "beta_rmse": true,
    "hazard_irmse": false,
    "c_index": true
  }
}