{
  "beta": {
    "rmse": 0.04270598356335986,
    "mae": 0.04270598356335986,
    "max_abs_error": 0.04270598356335986,
    "per_coeff_relative_error": [
      0.028470655519102207
    ],
    "estimated": [
      1.5427059835633599
    ],
    "true": [
      1.5
    ]
  },
  "hazard": {
    "integrated_mse": 0.4227993111440774,
    "integrated_relative_mse": 1.1751937782234867,
    "pointwise_max_error": 1.5735986841728087,
    "covariate_scaling_adjustment": 1.0455793864794143,
    "time_window": {
      "normalized_start": 0.0001,
      "normalized_end": 1.1,
      "original_start": 0.003406611770586163,
      "original_end": 23.64804447453635,
      "extension_fraction": 0.1
    }
  },
  "c_index": 0.785885545581964,
  "thresholds": {
    "beta_rmse": 0.1,
    "hazard_irmse": 0.05,
    "c_index": 0.75
  },
  "thresholds_met": {
    "beta_rmse": true,
    "hazard_irmse": false,
    "c_index": true
  }
}