{
  "beta": {
    "rmse": 0.14987843644395693,
    "mae": 0.14987843644395693,
    "max_abs_error": 0.14987843644395693,
    "per_coeff_relative_error": [
      0.09991895696317825
    ],
    "estimated": [
      1.350121563556043
    ],
    "true": [
      1.5
    ]
  },
  "hazard": {
    "integrated_mse": 0.022543950769031377,
    "integrated_relative_mse": 0.09358331150580736,
    "pointwise_max_error": 0.22503004257495812,
    "covariate_scaling_adjustment": 1.0397778722898408,
    "time_window": {
      "normalized_start": 0.0001,
      "normalized_end": 1.1,
      "original_start": 0.003406611770586163,
      "original_end": 23.64804447453635,
      "extension_fraction": 0.1
    }
  },
  "c_index": 0.785885545581964,
  "thresholds": {
    "beta_rmse": 0.1,
    "hazard_irmse": 0.05,
    "c_index": 0.75
  },
  "thresholds_met": {
    "beta_rmse": false,
    "hazard_irmse": false,
    "c_index": true
  }
}