{
  "beta": {
    "rmse": 0.35594596985354743,
    "mae": 0.35594596985354743,
    "max_abs_error": 0.35594596985354743,
    "per_coeff_relative_error": [
      0.23729731165371623
    ],
    "estimated": [
      1.1440540301464526
    ],
    "true": [
      1.5
    ]
  },
  "hazard": {
    "integrated_mse": 0.26128985990972353,
    "integrated_relative_mse": 0.787172944841905,
    "pointwise_max_error": 0.5728183280722587,
    "covariate_scaling_adjustment": 1.0336058308722864,
    "time_window": {
      "normalized_start": 0.0001,
      "normalized_end": 1.1,
      "original_start": 0.003406611770586163,
      "original_end": 23.64804447453635,
      "extension_fraction": 0.1
    }
  },
  "c_index": 0.785885545581964,
  "thresholds": {
    "beta_rmse": 0.1,
    "hazard_irmse": 0.05,
    "c_index": 0.75
  },
  "thresholds_met": {
    "beta_rmse": false,
    "hazard_irmse": false,
    "c_index": true
  }
}