{
  "beta": {
    "rmse": 0.10975041268650987,
    "mae": 0.10975041268650987,
    "max_abs_error": 0.10975041268650987,
    "per_coeff_relative_error": [
      0.07316694130322697
    ],
    "estimated": [
      1.3902495873134901
    ],
    "true": [
      1.5
    ]
  },
  "hazard": {
    "integrated_mse": 0.20284996163996916,
    "integrated_relative_mse": 0.5891730471263179,
    "pointwise_max_error": 0.581648030042647,
    "covariate_scaling_adjustment": 1.0409840491041975,
    "time_window": {
      "normalized_start": 0.0001,
      "normalized_end": 1.1,
      "original_start": 0.003406611770586163,
      "original_end": 23.64804447453635,
      "extension_fraction": 0.1
    }
  },
  "c_index": 0.785885545581964,
  "thresholds": {
    "beta_rmse": 0.1,
    "hazard_irmse": 0.05,
    "c_index": 0.75
  },
  "thresholds_met": {
    "beta_rmse": false,
    "hazard_irmse": false,
    "c_index": true
  }
}