{
  "beta": {
    "rmse": 0.06508465313595035,
    "mae": 0.06508465313595035,
    "max_abs_error": 0.06508465313595035,
    "per_coeff_relative_error": [
      0.04338976846803511
    ],
    "estimated": [
      1.4349153468640496
    ],
    "true": [
      1.5
    ]
  },
  "hazard": {
    "integrated_mse": 2.2694154551192876,
    "integrated_relative_mse": 1.0255163767523916,
    "pointwise_max_error": 2.185466039763174,
    "covariate_scaling_adjustment": 1.0423282677215446,
    "time_window": {
      "normalized_start": 0.0001,
      "normalized_end": 1.1,
      "original_start": 0.002322171930786301,
      "original_end": 17.01725307478385,
      "extension_fraction": 0.1
    }
  },
  "c_index": 0.7862485197587091,
  "thresholds": {
    "beta_rmse": 0.1,
    "hazard_irmse": 0.05,
    "c_index": 0.75
  },
  "thresholds_met": {
    "beta_rmse": true,
    "hazard_irmse": false,
    "c_index": true
  }
}