{
  "beta": {
    "rmse": 0.058844992327119816,
    "mae": 0.04424486088613992,
    "max_abs_error": 0.11068207347945558,
    "per_coeff_relative_error": [
      0.029991648808041442,
      0.22136414253162828,
      0.0757591944905289,
      0.06788980586748755
    ],
    "estimated": [
      1.029991649107958,
      -0.6106820734794556,
      0.2772722408952494,
      -0.18642203814760444
    ],
    "true": [
      1.0,
      -0.5,
      0.3,
      -0.2
    ]
  },
  "hazard": {
    "integrated_mse": 202.9091290770485,
    "integrated_relative_mse": 1.7889984212381411,
    "pointwise_max_error": 45.86855943607209,
    "covariate_scaling_adjustment": 1.0222533986030136,
    "time_window": {
      "normalized_start": 0.0001,
      "normalized_end": 1.1,
      "original_start": 0.0020240385512528968,
      "original_end": 14.126724005489317,
      "extension_fraction": 0.1
    }
  },
  "c_index": 0.764373353478382,
  "thresholds": {
    "beta_rmse": 0.1,
    "hazard_irmse": 0.05,
    "c_index": 0.75
  },
  "thresholds_met": {
    "beta_rmse": true,
    "hazard_irmse": false,
    "c_index": true
  }
}