{
  "beta": {
    "rmse": 0.06038102972287807,
    "mae": 0.042401738413815074,
    "max_abs_error": 0.11585563869903648,
    "per_coeff_relative_error": [
      0.019575506900695438,
      0.23171127276384748,
      0.08976826166860456,
      0.0362266404962146
    ],
    "estimated": [
      1.0195755070964505,
      -0.6158556386990365,
      0.273069520601736,
      -0.19275467153849069
    ],
    "true": [
      1.0,
      -0.5,
      0.3,
      -0.2
    ]
  },
  "hazard": {
    "integrated_mse": 0.3301792114249555,
    "integrated_relative_mse": 0.11449359210258662,
    "pointwise_max_error": 1.0333877610326878,
    "covariate_scaling_adjustment": 1.0217765466418385,
    "time_window": {
      "normalized_start": 0.0001,
      "normalized_end": 1.1,
      "original_start": 0.004792727704814225,
      "original_end": 16.560105169479957,
      "extension_fraction": 0.1
    }
  },
  "c_index": 0.7643076717455226,
  "thresholds": {
    "beta_rmse": 0.1,
    "hazard_irmse": 0.05,
    "c_index": 0.75
  },
  "thresholds_met": {
    "beta_rmse": true,
    "hazard_irmse": false,
    "c_index": true
  }
}