{
  "beta": {
    "rmse": 0.9947825429838202,
    "mae": 0.9947825429838202,
    "max_abs_error": 0.9947825429838202,
    "per_coeff_relative_error": [
      0.994782533035995
    ],
    "estimated": [
      0.005217457016179821
    ],
    "true": [
      1.0
    ]
  },
  "hazard": {
    "integrated_mse": 0.1429002684205558,
    "integrated_relative_mse": 0.5716010508181808,
    "pointwise_max_error": 0.39453885105126485,
    "covariate_scaling_adjustment": 0.9999203683956568,
    "time_window": {
      "normalized_start": 0.0001,
      "normalized_end": 1.1,
      "original_start": 0.0042737557076445816,
      "original_end": 11.631922089987503,
      "extension_fraction": 0.1
    }
  },
  "c_index": 0.7199155524278676,
  "thresholds": {
    "beta_rmse": 0.1,
    "hazard_irmse": 0.05,
    "c_index": 0.75
  },
  "thresholds_met": {
    "beta_rmse": false,
    "hazard_irmse": false,
    "c_index": false
  }
}