{
  "beta": {
    "rmse": 0.1185352187873645,
    "mae": 0.1185352187873645,
    "max_abs_error": 0.1185352187873645,
    "per_coeff_relative_error": [
      0.07902347866475315
    ],
    "estimated": [
      1.6185352187873645
    ],
    "true": [
      1.5
    ]
  },
  "hazard": {
    "integrated_mse": Infinity,
    "integrated_relative_mse": Infinity,
    "pointwise_max_error": Infinity,
    "covariate_scaling_adjustment": 1.0478725781922902,
    "time_window": {
      "normalized_start": 0.0001,
      "normalized_end": 1.1,
      "original_start": 0.001969831249715263,
      "original_end": 14.35733204036221,
      "extension_fraction": 0.1
    }
  },
  "c_index": 0.7864698531525559,
  "thresholds": {
    "beta_rmse": 0.1,
    "hazard_irmse": 0.05,
    "c_index": 0.75
  },
  "thresholds_met": {
    "beta_rmse": false,
    "hazard_irmse": false,
    "c_index": true
  }
}