{
  "beta": {
    "rmse": 0.08513168087635405,
    "mae": 0.06282454578952056,
    "max_abs_error": 0.14184972625669712,
    "per_coeff_relative_error": [
      0.14184972483819988,
      0.013944563112532872,
      0.13217209364810512
    ],
    "estimated": [
      0.8581502737433029,
      -0.5069722816957121,
      0.33965162941615246
    ],
    "true": [
      1.0,
      -0.5,
      0.3
    ]
  },
  "hazard": {
    "integrated_mse": 0.09460973795711287,
    "integrated_relative_mse": 0.5629243927501758,
    "pointwise_max_error": 0.6688908102571995,
    "covariate_scaling_adjustment": 1.004377813351795,
    "time_window": {
      "normalized_start": 0.0001,
      "normalized_end": 1.1,
      "original_start": 0.014825961756489826,
      "original_end": 10.613249878115735,
      "extension_fraction": 0.1
    }
  },
  "c_index": 0.7584552559184412,
  "thresholds": {
    "beta_rmse": 0.1,
    "hazard_irmse": 0.05,
    "c_index": 0.75
  },
  "thresholds_met": {
    "beta_rmse": true,
    "hazard_irmse": false,
    "c_index": true
  }
}