{
  "beta": {
    "rmse": 0.05934741401940495,
    "mae": 0.042318732100835976,
    "max_abs_error": 0.11111401463719617,
    "per_coeff_relative_error": [
      0.01674300225903696,
      0.2222280248298318,
      0.12696123146641736,
      0.01664770231833106
    ],
    "estimated": [
      1.016743002426467,
      -0.6111140146371962,
      0.26191162929046247,
      -0.20332954063014325
    ],
    "true": [
      1.0,
      -0.5,
      0.3,
      -0.2
    ]
  },
  "hazard": {
    "integrated_mse": 0.002907821831096037,
    "integrated_relative_mse": 0.011631286859132667,
    "pointwise_max_error": 0.11296304066676782,
    "covariate_scaling_adjustment": 1.0211017970615945,
    "time_window": {
      "normalized_start": 0.0001,
      "normalized_end": 1.1,
      "original_start": 0.001683246012521718,
      "original_end": 15.260264843058096,
      "extension_fraction": 0.1
    }
  },
  "c_index": 0.7630312237761147,
  "thresholds": {
    "beta_rmse": 0.1,
    "hazard_irmse": 0.05,
    "c_index": 0.75
  },
  "thresholds_met": {
    "beta_rmse": true,
    "hazard_irmse": true,
    "c_index": true
  }
}