{
  "beta": {
    "rmse": 0.014188274555980707,
    "mae": 0.014188274555980707,
    "max_abs_error": 0.014188274555980707,
    "per_coeff_relative_error": [
      0.00945884964092814
    ],
    "estimated": [
      1.5141882745559807
    ],
    "true": [
      1.5
    ]
  },
  "hazard": {
    "integrated_mse": 1.1175226457059608,
    "integrated_relative_mse": 0.3713353613719622,
    "pointwise_max_error": 2.9885648896425323,
    "covariate_scaling_adjustment": 1.0447182666247723,
    "time_window": {
      "normalized_start": 0.0001,
      "normalized_end": 1.0,
      "original_start": 0.002322171930786301,
      "original_end": 15.470300542476087,
      "extension_fraction": 0.0
    }
  },
  "c_index": 0.7862485197587091,
  "thresholds": {
    "beta_rmse": 0.1,
    "hazard_irmse": 0.05,
    "c_index": 0.75
  },
  "thresholds_met": {
    "beta_rmse": true,
    "hazard_irmse": false,
    "c_index": true
  }
}