{
  "beta": {
    "rmse": 0.39855819778469237,
    "mae": 0.39855819778469237,
    "max_abs_error": 0.39855819778469237,
    "per_coeff_relative_error": [
      0.26570546341842516
    ],
    "estimated": [
      1.1014418022153076
    ],
    "true": [
      1.5
    ]
  },
  "hazard": {
    "integrated_mse": 1.9444461037791652,
    "integrated_relative_mse": 0.7676621245495576,
    "pointwise_max_error": 2.0402871705525705,
    "covariate_scaling_adjustment": 1.0323341072479242,
    "time_window": {
      "normalized_start": 0.0001,
      "normalized_end": 1.1,
      "original_start": 0.002322171930786301,
      "original_end": 17.01725307478385,
      "extension_fraction": 0.1
    }
  },
  "c_index": 0.7862485197587091,
  "thresholds": {
    "beta_rmse": 0.1,
    "hazard_irmse": 0.05,
    "c_index": 0.75
  },
  "thresholds_met": {
    "beta_rmse": false,
    "hazard_irmse": false,
    "c_index": true
  }
}