{
  "beta": {
    "rmse": 0.0666377143774944,
    "mae": 0.0631471336179259,
    "max_abs_error": 0.08605057645579628,
    "per_coeff_relative_error": [
      0.08605057559529053,
      0.13722045183622775,
      0.11593531982769939
    ],
    "estimated": [
      0.9139494235442037,
      -0.5686102272903184,
      0.265219402892337
    ],
    "true": [
      1.0,
      -0.5,
      0.3
    ]
  },
  "hazard": {
    "integrated_mse": 0.24631245384047457,
    "integrated_relative_mse": 0.31483600210428264,
    "pointwise_max_error": 0.8413578308405394,
    "covariate_scaling_adjustment": 1.0001381082940761,
    "time_window": {
      "normalized_start": 0.0001,
      "normalized_end": 1.1,
      "original_start": 0.014825961756489826,
      "original_end": 10.613249878115735,
      "extension_fraction": 0.1
    }
  },
  "c_index": 0.7596927265285142,
  "thresholds": {
    "beta_rmse": 0.1,
    "hazard_irmse": 0.05,
    "c_index": 0.75
  },
  "thresholds_met": {
    "beta_rmse": true,
    "hazard_irmse": false,
    "c_index": true
  }
}