{
  "beta": {
    "rmse": 0.2548051505658466,
    "mae": 0.24014274459226817,
    "max_abs_error": 0.3561354659256424,
    "per_coeff_relative_error": [
      0.3561354623642878,
      0.307902801234766,
      0.7011378571445752
    ],
    "estimated": [
      0.6438645340743576,
      -0.346048596303589,
      0.08965863584524887
    ],
    "true": [
      1.0,
      -0.5,
      0.3
    ]
  },
  "hazard": {
    "integrated_mse": 0.01039144408612344,
    "integrated_relative_mse": 0.01998509455692275,
    "pointwise_max_error": 0.18138988107267706,
    "covariate_scaling_adjustment": 0.9981077535293468,
    "time_window": {
      "normalized_start": 0.0001,
      "normalized_end": 1.1,
      "original_start": 0.014825961756489826,
      "original_end": 10.613249878115735,
      "extension_fraction": 0.1
    }
  },
  "c_index": 0.7581887237870408,
  "thresholds": {
    "beta_rmse": 0.1,
    "hazard_irmse": 0.05,
    "c_index": 0.75
  },
  "thresholds_met": {
    "beta_rmse": false,
    "hazard_irmse": true,
    "c_index": true
  }
}