{
  "beta": {
    "rmse": 0.14905277976654085,
    "mae": 0.14905277976654085,
    "max_abs_error": 0.14905277976654085,
    "per_coeff_relative_error": [
      0.09936851918190379
    ],
    "estimated": [
      1.3509472202334591
    ],
    "true": [
      1.5
    ]
  },
  "hazard": {
    "integrated_mse": 180.2018454366457,
    "integrated_relative_mse": 0.7405135446793977,
    "pointwise_max_error": 44.154496463347726,
    "covariate_scaling_adjustment": 1.039802675969014,
    "time_window": {
      "normalized_start": 0.0001,
      "normalized_end": 1.1,
      "original_start": 0.002805175158269489,
      "original_end": 17.992026496942536,
      "extension_fraction": 0.1
    }
  },
  "c_index": 0.7864421562258038,
  "thresholds": {
    "beta_rmse": 0.1,
    "hazard_irmse": 0.05,
    "c_index": 0.75
  },
  "thresholds_met": {
    "beta_rmse": false,
    "hazard_irmse": false,
    "c_index": true
  }
}