{
  "beta": {
    "rmse": 0.23077012385419837,
    "mae": 0.23077012385419837,
    "max_abs_error": 0.23077012385419837,
    "per_coeff_relative_error": [
      0.15384674821048727
    ],
    "estimated": [
      1.2692298761458016
    ],
    "true": [
      1.5
    ]
  },
  "hazard": {
    "integrated_mse": 1.1539049904835617,
    "integrated_relative_mse": 0.4056404009916249,
    "pointwise_max_error": 1.705652126361156,
    "covariate_scaling_adjustment": 1.0373506590652146,
    "time_window": {
      "normalized_start": 0.0001,
      "normalized_end": 1.1,
      "original_start": 0.002322171930786301,
      "original_end": 17.01725307478385,
      "extension_fraction": 0.1
    }
  },
  "c_index": 0.7862485197587091,
  "thresholds": {
    "beta_rmse": 0.1,
    "hazard_irmse": 0.05,
    "c_index": 0.75
  },
  "thresholds_met": {
    "beta_rmse": false,
    "hazard_irmse": false,
    "c_index": true
  }
}