{
  "beta": {
    "rmse": 0.1091513994192701,
    "mae": 0.1091513994192701,
    "max_abs_error": 0.1091513994192701,
    "per_coeff_relative_error": [
      0.10915139832775612
    ],
    "estimated": [
      1.10915139941927
    ],
    "true": [
      1.0
    ]
  },
  "hazard": {
    "integrated_mse": 0.09620841621345397,
    "integrated_relative_mse": 0.06936485931896742,
    "pointwise_max_error": 0.5661849880126999,
    "covariate_scaling_adjustment": 0.9992569426937274,
    "time_window": {
      "normalized_start": 0.0001,
      "normalized_end": 1.1,
      "original_start": 0.007013334705652212,
      "original_end": 7.979661963569775,
      "extension_fraction": 0.1
    }
  },
  "c_index": 0.7557600220623261,
  "thresholds": {
    "beta_rmse": 0.1,
    "hazard_irmse": 0.05,
    "c_index": 0.75
  },
  "thresholds_met": {
    "beta_rmse": false,
    "hazard_irmse": false,
    "c_index": true
  }
}