{
  "beta": {
    "rmse": 0.1562336158647645,
    "mae": 0.14890568310330085,
    "max_abs_error": 0.21577207799233722,
    "per_coeff_relative_error": [
      0.21577207583461647,
      0.2326471117639597,
      0.3820713642946691
    ],
    "estimated": [
      0.7842279220076628,
      -0.383676441791549,
      0.18537858689088563
    ],
    "true": [
      1.0,
      -0.5,
      0.3
    ]
  },
  "hazard": {
    "integrated_mse": 0.1494541347276547,
    "integrated_relative_mse": 0.5978165149979578,
    "pointwise_max_error": 0.48955636363033284,
    "covariate_scaling_adjustment": 1.0017221932536686,
    "time_window": {
      "normalized_start": 0.0001,
      "normalized_end": 1.1,
      "original_start": 0.0027171384599862045,
      "original_end": 17.194626521582883,
      "extension_fraction": 0.1
    }
  },
  "c_index": 0.7629833833406948,
  "thresholds": {
    "beta_rmse": 0.1,
    "hazard_irmse": 0.05,
    "c_index": 0.75
  },
  "thresholds_met": {
    "beta_rmse": false,
    "hazard_irmse": false,
    "c_index": true
  }
}