{
  "beta": {
    "rmse": 0.09083746939349205,
    "mae": 0.07033106763509643,
    "max_abs_error": 0.15111366383054037,
    "per_coeff_relative_error": [
      0.09715755253465505,
      0.30222732161653426,
      0.02306398433452464,
      0.13066928182962367
    ],
    "estimated": [
      1.0971575535062306,
      -0.6511136638305404,
      0.29308080446900275,
      -0.22613385767261757
    ],
    "true": [
      1.0,
      -0.5,
      0.3,
      -0.2
    ]
  },
  "hazard": {
    "integrated_mse": 0.0048869701166816175,
    "integrated_relative_mse": 0.019547879684811267,
    "pointwise_max_error": 0.19402693540721344,
    "covariate_scaling_adjustment": 1.0231497232061515,
    "time_window": {
      "normalized_start": 0.0001,
      "normalized_end": 1.1,
      "original_start": 0.001683246012521718,
      "original_end": 15.260264843058096,
      "extension_fraction": 0.1
    }
  },
  "c_index": 0.7629313975361636,
  "thresholds": {
    "beta_rmse": 0.1,
    "hazard_irmse": 0.05,
    "c_index": 0.75
  },
  "thresholds_met": {
    "beta_rmse": true,
    "hazard_irmse": true,
    "c_index": true
  }
}