{
  "beta": {
    "rmse": 0.01511159214296276,
    "mae": 0.01511159214296276,
    "max_abs_error": 0.01511159214296276,
    "per_coeff_relative_error": [
      0.010074394694812543
    ],
    "estimated": [
      1.5151115921429628
    ],
    "true": [
      1.5
    ]
  },
  "hazard": {
    "integrated_mse": Infinity,
    "integrated_relative_mse": Infinity,
    "pointwise_max_error": Infinity,
    "covariate_scaling_adjustment": 1.0447461359815735,
    "time_window": {
      "normalized_start": 0.0001,
      "normalized_end": 1.1,
      "original_start": 0.002805175158269489,
      "original_end": 17.992026496942536,
      "extension_fraction": 0.1
    }
  },
  "c_index": 0.7864421562258038,
  "thresholds": {
    "beta_rmse": 0.1,
    "hazard_irmse": 0.05,
    "c_index": 0.75
  },
  "thresholds_met": {
    "beta_rmse": true,
    "hazard_irmse": false,
    "c_index": true
  }
}