{
  "beta": {
    "rmse": 0.19510167837142944,
    "mae": 0.19510167837142944,
    "max_abs_error": 0.19510167837142944,
    "per_coeff_relative_error": [
      0.19510167642041268
    ],
    "estimated": [
      0.8048983216285706
    ],
    "true": [
      1.0
    ]
  },
  "hazard": {
    "integrated_mse": 0.05370882949981036,
    "integrated_relative_mse": 0.21483530940582893,
    "pointwise_max_error": 0.37297026112189846
  },
  "c_index": 0.7163752484312543,
  "thresholds_met": {
    "beta_rmse": false,
    "hazard_irmse": false,
    "c_index": false
  }
}