{
  "beta": {
    "rmse": 0.024643417485616048,
    "mae": 0.024643417485616048,
    "max_abs_error": 0.024643417485616048,
    "per_coeff_relative_error": [
      0.0164289448808844
    ],
    "estimated": [
      1.524643417485616
    ],
    "true": [
      1.5
    ]
  },
  "hazard": {
    "integrated_mse": 61.20430372504422,
    "integrated_relative_mse": 0.07914670973864879,
    "pointwise_max_error": 31.77308953955138,
    "covariate_scaling_adjustment": 1.0450338874229441,
    "time_window": {
      "normalized_start": 0.0001,
      "normalized_end": 1.1,
      "original_start": 0.002805175158269489,
      "original_end": 17.992026496942536,
      "extension_fraction": 0.1
    }
  },
  "c_index": 0.7864421562258038,
  "thresholds": {
    "beta_rmse": 0.1,
    "hazard_irmse": 0.05,
    "c_index": 0.75
  },
  "thresholds_met": {
    "beta_rmse": true,
    "hazard_irmse": false,
    "c_index": true
  }
}