{
  "beta": {
    "rmse": 0.020817159504044502,
    "mae": 0.020817159504044502,
    "max_abs_error": 0.020817159504044502,
    "per_coeff_relative_error": [
      0.01387810624350896
    ],
    "estimated": [
      1.5208171595040445
    ],
    "true": [
      1.5
    ]
  },
  "hazard": {
    "integrated_mse": 0.0017139042457862432,
    "integrated_relative_mse": 0.0068556167089202985,
    "pointwise_max_error": 0.04441031597936529,
    "covariate_scaling_adjustment": 1.044918368940668,
    "time_window": {
      "normalized_start": 0.0001,
      "normalized_end": 1.1,
      "original_start": 0.001969831249715263,
      "original_end": 14.35733204036221,
      "extension_fraction": 0.1
    }
  },
  "c_index": 0.7864698531525559,
  "thresholds": {
    "beta_rmse": 0.1,
    "hazard_irmse": 0.05,
    "c_index": 0.75
  },
  "thresholds_met": {
    "beta_rmse": true,
    "hazard_irmse": true,
    "c_index": true
  }
}