{
  "beta": {
    "rmse": 0.05922730090324608,
    "mae": 0.04215605345651395,
    "max_abs_error": 0.11090451989301076,
    "per_coeff_relative_error": [
      0.01634438738633098,
      0.22180903534984078,
      0.12710535787424265,
      0.0162184879387947
    ],
    "estimated": [
      1.0163443875497749,
      -0.6109045198930108,
      0.2618683913666736,
      -0.20324369774994383
    ],
    "true": [
      1.0,
      -0.5,
      0.3,
      -0.2
    ]
  },
  "hazard": {
    "integrated_mse": 0.0030854003691738264,
    "integrated_relative_mse": 0.012341600983031257,
    "pointwise_max_error": 0.11284299488088406,
    "covariate_scaling_adjustment": 1.0210959038417269,
    "time_window": {
      "normalized_start": 0.0001,
      "normalized_end": 1.1,
      "original_start": 0.001683246012521718,
      "original_end": 15.260264843058096,
      "extension_fraction": 0.1
    }
  },
  "c_index": 0.7630249846361178,
  "thresholds": {
    "beta_rmse": 0.1,
    "hazard_irmse": 0.05,
    "c_index": 0.75
  },
  "thresholds_met": {
    "beta_rmse": true,
    "hazard_irmse": true,
    "c_index": true
  }
}