{
  "beta": {
    "rmse": 0.10885500907897949,
    "mae": 0.10885500907897949,
    "max_abs_error": 0.10885500907897949,
    "per_coeff_relative_error": [
      0.10885500799042942
    ],
    "estimated": [
      0.8911449909210205
    ],
    "true": [
      1.0
    ]
  },
  "hazard": {
    "integrated_mse": 0.002260094156788528,
    "integrated_relative_mse": 0.0051399773575295776,
    "pointwise_max_error": 0.06388940196768722,
    "time_window": {
      "normalized_start": 0.0001,
      "normalized_end": 1.1,
      "original_start": 0.0011119849030837778,
      "original_end": 8.768020035446673,
      "extension_fraction": 0.1
    }
  },
  "c_index": 0.7126073308097128,
  "thresholds": {
    "beta_rmse": 0.1,
    "hazard_irmse": 0.05,
    "c_index": 0.75
  },
  "thresholds_met": {
    "beta_rmse": false,
    "hazard_irmse": true,
    "c_index": false
  }
}