{
  "beta": {
    "rmse": 0.16191160678863525,
    "mae": 0.16191160678863525,
    "max_abs_error": 0.16191160678863525,
    "per_coeff_relative_error": [
      0.16191160516951922
    ],
    "estimated": [
      0.8380883932113647
    ],
    "true": [
      1.0
    ]
  },
  "hazard": {
    "integrated_mse": 0.06954432068434455,
    "integrated_relative_mse": 0.2781772716102872,
    "pointwise_max_error": 0.4116583768636267
  },
  "c_index": 0.7163752484312543,
  "thresholds_met": {
    "beta_rmse": false,
    "hazard_irmse": false,
    "c_index": false
  }
}