{
  "beta": {
    "rmse": 0.0598260760307312,
    "mae": 0.0598260760307312,
    "max_abs_error": 0.0598260760307312,
    "per_coeff_relative_error": [
      0.05982607543247045
    ],
    "estimated": [
      0.9401739239692688
    ],
    "true": [
      1.0
    ]
  },
  "hazard": {
    "integrated_mse": 0.00070119459069762,
    "integrated_relative_mse": 0.0028047782505993477,
    "pointwise_max_error": 0.046038496368230486
  },
  "c_index": 0.7163752484312543,
  "thresholds_met": {
    "beta_rmse": true,
    "hazard_irmse": true,
    "c_index": false
  }
}