{
  "beta": {
    "rmse": 0.08404958248138428,
    "mae": 0.08404958248138428,
    "max_abs_error": 0.08404958248138428,
    "per_coeff_relative_error": [
      0.08404958164088847
    ],
    "estimated": [
      0.9159504175186157
    ],
    "true": [
      1.0
    ]
  },
  "hazard": {
    "integrated_mse": 0.0029003047678101555,
    "integrated_relative_mse": 0.011601218607191875,
    "pointwise_max_error": 0.10904808815770028
  },
  "c_index": 0.7163752484312543,
  "thresholds_met": {
    "beta_rmse": true,
    "hazard_irmse": true,
    "c_index": false
  }
}