{
  "beta": {
    "rmse": 0.09265686415314153,
    "mae": 0.06481127790605062,
    "max_abs_error": 0.1583002452627088,
    "per_coeff_relative_error": [
      0.15830024367970638,
      0.0455248245788787,
      0.04457058421683208
    ],
    "estimated": [
      0.8416997547372912,
      -0.4772375872553124,
      0.2866288242892445
    ],
    "true": [
      1.0,
      -0.5,
      0.3
    ]
  },
  "hazard": {
    "integrated_mse": 0.1063282713330259,
    "integrated_relative_mse": 0.2972088312130289,
    "pointwise_max_error": 0.5142503829329393,
    "covariate_scaling_adjustment": 1.0031502105305394,
    "time_window": {
      "normalized_start": 0.0001,
      "normalized_end": 1.1,
      "original_start": 0.014825961756489826,
      "original_end": 10.613249878115735,
      "extension_fraction": 0.1
    }
  },
  "c_index": 0.7595055194362211,
  "thresholds": {
    "beta_rmse": 0.1,
    "hazard_irmse": 0.05,
    "c_index": 0.75
  },
  "thresholds_met": {
    "beta_rmse": true,
    "hazard_irmse": false,
    "c_index": true
  }
}