{
  "beta": {
    "rmse": 0.06584076407348674,
    "mae": 0.04806982229241529,
    "max_abs_error": 0.12273375104089346,
    "per_coeff_relative_error": [
      0.042785189177881745,
      0.24546749717243696,
      0.06668886544144474,
      0.033768439430138034
    ],
    "estimated": [
      1.0427851896057336,
      -0.6227337510408935,
      0.2799933397006779,
      -0.193246311776288
    ],
    "true": [
      1.0,
      -0.5,
      0.3,
      -0.2
    ]
  },
  "hazard": {
    "integrated_mse": 0.002942600990435726,
    "integrated_relative_mse": 0.012854578556155294,
    "pointwise_max_error": 0.18170515019670036,
    "covariate_scaling_adjustment": 1.0224055826219085,
    "time_window": {
      "normalized_start": 0.0001,
      "normalized_end": 1.1,
      "original_start": 0.003384839978161364,
      "original_end": 29.094636523073,
      "extension_fraction": 0.1
    }
  },
  "c_index": 0.7645500240281584,
  "thresholds": {
    "beta_rmse": 0.1,
    "hazard_irmse": 0.05,
    "c_index": 0.75
  },
  "thresholds_met": {
    "beta_rmse": true,
    "hazard_irmse": true,
    "c_index": true
  }
}