{
  "beta": {
    "rmse": 0.36850673022103253,
    "mae": 0.36850673022103253,
    "max_abs_error": 0.36850673022103253,
    "per_coeff_relative_error": [
      0.2456711518428807
    ],
    "estimated": [
      1.1314932697789675
    ],
    "true": [
      1.5
    ]
  },
  "hazard": {
    "integrated_mse": 0.15844687319354317,
    "integrated_relative_mse": 0.6337874674226737,
    "pointwise_max_error": 0.4833217089937661,
    "covariate_scaling_adjustment": 1.0332308035254418,
    "time_window": {
      "normalized_start": 0.0001,
      "normalized_end": 1.1,
      "original_start": 0.001969831249715263,
      "original_end": 14.35733204036221,
      "extension_fraction": 0.1
    }
  },
  "c_index": 0.7864698531525559,
  "thresholds": {
    "beta_rmse": 0.1,
    "hazard_irmse": 0.05,
    "c_index": 0.75
  },
  "thresholds_met": {
    "beta_rmse": false,
    "hazard_irmse": false,
    "c_index": true
  }
}