{
  "beta": {
    "rmse": 0.3176493895730208,
    "mae": 0.3176493895730208,
    "max_abs_error": 0.3176493895730208,
    "per_coeff_relative_error": [
      0.21176625830357215
    ],
    "estimated": [
      1.1823506104269792
    ],
    "true": [
      1.5
    ]
  },
  "hazard": {
    "integrated_mse": 179.66921169024639,
    "integrated_relative_mse": 0.6618973176127226,
    "pointwise_max_error": 44.13047863638331,
    "covariate_scaling_adjustment": 1.0347500944825458,
    "time_window": {
      "normalized_start": 0.0001,
      "normalized_end": 1.1,
      "original_start": 0.002805175158269489,
      "original_end": 17.992026496942536,
      "extension_fraction": 0.1
    }
  },
  "c_index": 0.7864421562258038,
  "thresholds": {
    "beta_rmse": 0.1,
    "hazard_irmse": 0.05,
    "c_index": 0.75
  },
  "thresholds_met": {
    "beta_rmse": false,
    "hazard_irmse": false,
    "c_index": true
  }
}