{
  "beta": {
    "rmse": 0.02463280741149032,
    "mae": 0.02463280741149032,
    "max_abs_error": 0.02463280741149032,
    "per_coeff_relative_error": [
      0.01642187149818107
    ],
    "estimated": [
      1.5246328074114903
    ],
    "true": [
      1.5
    ]
  },
  "hazard": {
    "integrated_mse": Infinity,
    "integrated_relative_mse": Infinity,
    "pointwise_max_error": Infinity,
    "covariate_scaling_adjustment": 1.04503356707674,
    "time_window": {
      "normalized_start": 0.0001,
      "normalized_end": 1.1,
      "original_start": 0.002322171930786301,
      "original_end": 17.01725307478385,
      "extension_fraction": 0.1
    }
  },
  "c_index": 0.7862485197587091,
  "thresholds": {
    "beta_rmse": 0.1,
    "hazard_irmse": 0.05,
    "c_index": 0.75
  },
  "thresholds_met": {
    "beta_rmse": true,
    "hazard_irmse": false,
    "c_index": true
  }
}