{
  "beta": {
    "rmse": 0.15343474038044458,
    "mae": 0.15343474038044458,
    "max_abs_error": 0.15343474038044458,
    "per_coeff_relative_error": [
      0.10228982623836422
    ],
    "estimated": [
      1.3465652596195554
    ],
    "true": [
      1.5
    ]
  },
  "hazard": {
    "integrated_mse": 0.14280188648047032,
    "integrated_relative_mse": 0.5712075230735799,
    "pointwise_max_error": 0.4786971349058967,
    "covariate_scaling_adjustment": 1.0396710435790932,
    "time_window": {
      "normalized_start": 0.0001,
      "normalized_end": 1.1,
      "original_start": 0.001969831249715263,
      "original_end": 14.35733204036221,
      "extension_fraction": 0.1
    }
  },
  "c_index": 0.7864698531525559,
  "thresholds": {
    "beta_rmse": 0.1,
    "hazard_irmse": 0.05,
    "c_index": 0.75
  },
  "thresholds_met": {
    "beta_rmse": false,
    "hazard_irmse": false,
    "c_index": true
  }
}