{
  "beta": {
    "rmse": 0.13493125338136425,
    "mae": 0.13493125338136425,
    "max_abs_error": 0.13493125338136425,
    "per_coeff_relative_error": [
      0.08995416832121504
    ],
    "estimated": [
      1.3650687466186358
    ],
    "true": [
      1.5
    ]
  },
  "hazard": {
    "integrated_mse": 2.0369986227442083,
    "integrated_relative_mse": 0.6782391091102733,
    "pointwise_max_error": 2.1706723586603465,
    "covariate_scaling_adjustment": 1.0402269945274885,
    "time_window": {
      "normalized_start": 0.0001,
      "normalized_end": 1.1,
      "original_start": 0.002322171930786301,
      "original_end": 17.01725307478385,
      "extension_fraction": 0.1
    }
  },
  "c_index": 0.7862485197587091,
  "thresholds": {
    "beta_rmse": 0.1,
    "hazard_irmse": 0.05,
    "c_index": 0.75
  },
  "thresholds_met": {
    "beta_rmse": false,
    "hazard_irmse": false,
    "c_index": true
  }
}