{
  "beta": {
    "rmse": 0.059724092428997184,
    "mae": 0.04275991765105742,
    "max_abs_error": 0.11182164132866657,
    "per_coeff_relative_error": [
      0.01776289935941836,
      0.22364327818446755,
      0.12629545790994215,
      0.01783245462126994
    ],
    "estimated": [
      1.0177628995370473,
      -0.6118216413286666,
      0.26211136136406277,
      -0.20356649110257855
    ],
    "true": [
      1.0,
      -0.5,
      0.3,
      -0.2
    ]
  },
  "hazard": {
    "integrated_mse": 0.0025582679047156487,
    "integrated_relative_mse": 0.010233071209539741,
    "pointwise_max_error": 0.11198815485313196,
    "covariate_scaling_adjustment": 1.021119565963249,
    "time_window": {
      "normalized_start": 0.0001,
      "normalized_end": 1.1,
      "original_start": 0.001683246012521718,
      "original_end": 15.260264843058096,
      "extension_fraction": 0.1
    }
  },
  "c_index": 0.7630374629161116,
  "thresholds": {
    "beta_rmse": 0.1,
    "hazard_irmse": 0.05,
    "c_index": 0.75
  },
  "thresholds_met": {
    "beta_rmse": true,
    "hazard_irmse": true,
    "c_index": true
  }
}