{
  "beta": {
    "rmse": 0.020847301760083203,
    "mae": 0.020847301760083203,
    "max_abs_error": 0.020847301760083203,
    "per_coeff_relative_error": [
      0.013898201080734128
    ],
    "estimated": [
      1.5208473017600832
    ],
    "true": [
      1.5
    ]
  },
  "hazard": {
    "integrated_mse": 15.174883022895195,
    "integrated_relative_mse": 0.05335780364773377,
    "pointwise_max_error": 14.657616262317198,
    "covariate_scaling_adjustment": 1.0449192789150465,
    "time_window": {
      "normalized_start": 0.0001,
      "normalized_end": 1.0,
      "original_start": 0.002805175158269489,
      "original_end": 16.356494055649303,
      "extension_fraction": 0.0
    }
  },
  "c_index": 0.7864421562258038,
  "thresholds": {
    "beta_rmse": 0.1,
    "hazard_irmse": 0.05,
    "c_index": 0.75
  },
  "thresholds_met": {
    "beta_rmse": true,
    "hazard_irmse": false,
    "c_index": true
  }
}