{
  "beta": {
    "rmse": 0.09333104201134708,
    "mae": 0.07005794138006914,
    "max_abs_error": 0.15675599592215306,
    "per_coeff_relative_error": [
      0.09996855994401817,
      0.3135119855740664,
      0.040434217770640504,
      0.056884711750191476
    ],
    "estimated": [
      1.0999685609437038,
      -0.6567559959221531,
      0.3121302657355343,
      -0.21137694291888542
    ],
    "true": [
      1.0,
      -0.5,
      0.3,
      -0.2
    ]
  },
  "hazard": {
    "integrated_mse": 0.2716673305955028,
    "integrated_relative_mse": 0.10112132519057358,
    "pointwise_max_error": 0.9524002460614911,
    "covariate_scaling_adjustment": 1.024225334672792,
    "time_window": {
      "normalized_start": 0.0001,
      "normalized_end": 1.1,
      "original_start": 0.004792727704814225,
      "original_end": 16.560105169479957,
      "extension_fraction": 0.1
    }
  },
  "c_index": 0.7641272387062282,
  "thresholds": {
    "beta_rmse": 0.1,
    "hazard_irmse": 0.05,
    "c_index": 0.75
  },
  "thresholds_met": {
    "beta_rmse": true,
    "hazard_irmse": false,
    "c_index": true
  }
}