{
  "beta": {
    "rmse": 0.07586501128008369,
    "mae": 0.061689739912190567,
    "max_abs_error": 0.12239143633032212,
    "per_coeff_relative_error": [
      0.12239143510640778,
      0.037277630841386356,
      0.1467965538160485
    ],
    "estimated": [
      0.8776085636696779,
      -0.5186388157934695,
      0.3440389676127801
    ],
    "true": [
      1.0,
      -0.5,
      0.3
    ]
  },
  "hazard": {
    "integrated_mse": 0.14135894428744641,
    "integrated_relative_mse": 0.24531122876968167,
    "pointwise_max_error": 0.6376467656120619,
    "covariate_scaling_adjustment": 1.0043466327900945,
    "time_window": {
      "normalized_start": 0.0001,
      "normalized_end": 1.1,
      "original_start": 0.014825961756489826,
      "original_end": 10.613249878115735,
      "extension_fraction": 0.1
    }
  },
  "c_index": 0.7585790029794485,
  "thresholds": {
    "beta_rmse": 0.1,
    "hazard_irmse": 0.05,
    "c_index": 0.75
  },
  "thresholds_met": {
    "beta_rmse": true,
    "hazard_irmse": false,
    "c_index": true
  }
}