{
  "beta": {
    "rmse": 0.05655741860037671,
    "mae": 0.04307414902478301,
    "max_abs_error": 0.10447655266814693,
    "per_coeff_relative_error": [
      0.018000468204956373,
      0.2089531011572318,
      0.12483934861505827,
      0.06183884297362326
    ],
    "estimated": [
      1.018000468384961,
      -0.6044765526681469,
      0.262548194167089,
      -0.2123677692131131
    ],
    "true": [
      1.0,
      -0.5,
      0.3,
      -0.2
    ]
  },
  "hazard": {
    "integrated_mse": 0.10768994795669362,
    "integrated_relative_mse": 0.4307597745963833,
    "pointwise_max_error": 0.5904852630530655,
    "covariate_scaling_adjustment": 1.0210228328803699,
    "time_window": {
      "normalized_start": 0.0001,
      "normalized_end": 1.1,
      "original_start": 0.001683246012521718,
      "original_end": 15.260264843058096,
      "extension_fraction": 0.1
    }
  },
  "c_index": 0.7630125063561238,
  "thresholds": {
    "beta_rmse": 0.1,
    "hazard_irmse": 0.05,
    "c_index": 0.75
  },
  "thresholds_met": {
    "beta_rmse": true,
    "hazard_irmse": false,
    "c_index": true
  }
}