{
  "beta": {
    "rmse": 0.058067722388469835,
    "mae": 0.04339305409584662,
    "max_abs_error": 0.1098282182628415,
    "per_coeff_relative_error": [
      0.02604617382163124,
      0.21965643213255434,
      0.07701848177418069,
      0.07296139003199544
    ],
    "estimated": [
      1.026046174082093,
      -0.6098282182628415,
      0.27689445469756097,
      -0.18540772126398702
    ],
    "true": [
      1.0,
      -0.5,
      0.3,
      -0.2
    ]
  },
  "hazard": {
    "integrated_mse": 230.84014419098705,
    "integrated_relative_mse": 2.0004605830115687,
    "pointwise_max_error": 49.288348711750885,
    "covariate_scaling_adjustment": 1.0221946075050141,
    "time_window": {
      "normalized_start": 0.0001,
      "normalized_end": 1.1,
      "original_start": 0.0020240385512528968,
      "original_end": 14.126724005489317,
      "extension_fraction": 0.1
    }
  },
  "c_index": 0.7643221372530817,
  "thresholds": {
    "beta_rmse": 0.1,
    "hazard_irmse": 0.05,
    "c_index": 0.75
  },
  "thresholds_met": {
    "beta_rmse": true,
    "hazard_irmse": false,
    "c_index": true
  }
}