{
  "beta": {
    "rmse": 0.12822930360466245,
    "mae": 0.12822930360466245,
    "max_abs_error": 0.12822930360466245,
    "per_coeff_relative_error": [
      0.08548620183320028
    ],
    "estimated": [
      1.3717706963953376
    ],
    "true": [
      1.5
    ]
  },
  "hazard": {
    "integrated_mse": 179.68560965349866,
    "integrated_relative_mse": 0.9458744345951309,
    "pointwise_max_error": 44.11209151054716,
    "covariate_scaling_adjustment": 1.04042843289467,
    "time_window": {
      "normalized_start": 0.0001,
      "normalized_end": 1.1,
      "original_start": 0.002805175158269489,
      "original_end": 17.992026496942536,
      "extension_fraction": 0.1
    }
  },
  "c_index": 0.7864421562258038,
  "thresholds": {
    "beta_rmse": 0.1,
    "hazard_irmse": 0.05,
    "c_index": 0.75
  },
  "thresholds_met": {
    "beta_rmse": false,
    "hazard_irmse": false,
    "c_index": true
  }
}