{
  "beta": {
    "rmse": 0.1736099168994394,
    "mae": 0.1736099168994394,
    "max_abs_error": 0.1736099168994394,
    "per_coeff_relative_error": [
      0.11573994382802663
    ],
    "estimated": [
      1.3263900831005606
    ],
    "true": [
      1.5
    ]
  },
  "hazard": {
    "integrated_mse": 172.37786364685087,
    "integrated_relative_mse": 0.5545081688027963,
    "pointwise_max_error": 43.64670304028866,
    "covariate_scaling_adjustment": 1.0390652040849986,
    "time_window": {
      "normalized_start": 0.0001,
      "normalized_end": 1.1,
      "original_start": 0.002805175158269489,
      "original_end": 17.992026496942536,
      "extension_fraction": 0.1
    }
  },
  "c_index": 0.7864421562258038,
  "thresholds": {
    "beta_rmse": 0.1,
    "hazard_irmse": 0.05,
    "c_index": 0.75
  },
  "thresholds_met": {
    "beta_rmse": false,
    "hazard_irmse": false,
    "c_index": true
  }
}