{
  "beta": {
    "rmse": 0.02177262306213379,
    "mae": 0.02177262306213379,
    "max_abs_error": 0.02177262306213379,
    "per_coeff_relative_error": [
      0.021772622844407563
    ],
    "estimated": [
      0.9782273769378662
    ],
    "true": [
      1.0
    ]
  },
  "hazard": {
    "integrated_mse": 0.003171113827315504,
    "integrated_relative_mse": 0.012684454801883816,
    "pointwise_max_error": 0.09505753053486637
  },
  "c_index": 0.7163752484312543,
  "thresholds_met": {
    "beta_rmse": true,
    "hazard_irmse": true,
    "c_index": false
  }
}