{
  "beta": {
    "rmse": 0.2583675980567932,
    "mae": 0.2583675980567932,
    "max_abs_error": 0.2583675980567932,
    "per_coeff_relative_error": [
      0.2583675954731173
    ],
    "estimated": [
      0.7416324019432068
    ],
    "true": [
      1.0
    ]
  },
  "hazard": {
    "integrated_mse": 0.06585183639141753,
    "integrated_relative_mse": 0.2634073350293765,
    "pointwise_max_error": 0.3802959909900557
  },
  "c_index": 0.7163752484312543,
  "thresholds_met": {
    "beta_rmse": false,
    "hazard_irmse": false,
    "c_index": false
  }
}