{
  "beta": {
    "rmse": 0.02828050266828752,
    "mae": 0.02828050266828752,
    "max_abs_error": 0.02828050266828752,
    "per_coeff_relative_error": [
      0.018853668319833893
    ],
    "estimated": [
      1.5282805026682875
    ],
    "true": [
      1.5
    ]
  },
  "hazard": {
    "integrated_mse": 460.08378796931703,
    "integrated_relative_mse": 101.87068731612547,
    "pointwise_max_error": 65.56047763198549,
    "covariate_scaling_adjustment": 1.045143706432189,
    "time_window": {
      "normalized_start": 0.0001,
      "normalized_end": 1.1,
      "original_start": 0.002322171930786301,
      "original_end": 17.01725307478385,
      "extension_fraction": 0.1
    }
  },
  "c_index": 0.7862485197587091,
  "thresholds": {
    "beta_rmse": 0.1,
    "hazard_irmse": 0.05,
    "c_index": 0.75
  },
  "thresholds_met": {
    "beta_rmse": true,
    "hazard_irmse": false,
    "c_index": true
  }
}