{
  "beta": {
    "rmse": 0.020669341880430014,
    "mae": 0.020669341880430014,
    "max_abs_error": 0.020669341880430014,
    "per_coeff_relative_error": [
      0.013779561161756269
    ],
    "estimated": [
      1.52066934188043
    ],
    "true": [
      1.5
    ]
  },
  "hazard": {
    "integrated_mse": 0.002834786175765023,
    "integrated_relative_mse": 0.011339144249494316,
    "pointwise_max_error": 0.06001893121869917,
    "covariate_scaling_adjustment": 1.044913906437788,
    "time_window": {
      "normalized_start": 0.0001,
      "normalized_end": 1.1,
      "original_start": 0.001969831249715263,
      "original_end": 14.35733204036221,
      "extension_fraction": 0.1
    }
  },
  "c_index": 0.7864698531525559,
  "thresholds": {
    "beta_rmse": 0.1,
    "hazard_irmse": 0.05,
    "c_index": 0.75
  },
  "thresholds_met": {
    "beta_rmse": true,
    "hazard_irmse": true,
    "c_index": true
  }
}