{
  "beta": {
    "rmse": 0.0586270251123838,
    "mae": 0.03723577405621339,
    "max_abs_error": 0.11500285781444386,
    "per_coeff_relative_error": [
      0.01964305218171471,
      0.23000571102877349,
      0.03773322124557872,
      0.01488609566198837
    ],
    "estimated": [
      1.0196430523781452,
      -0.6150028578144439,
      0.28868003324899416,
      -0.19702278071874138
    ],
    "true": [
      1.0,
      -0.5,
      0.3,
      -0.2
    ]
  },
  "hazard": {
    "integrated_mse": 0.6794661667114746,
    "integrated_relative_mse": 0.2761108623469831,
    "pointwise_max_error": 1.0177960655384943,
    "covariate_scaling_adjustment": 1.0223632981089448,
    "time_window": {
      "normalized_start": 0.0001,
      "normalized_end": 1.1,
      "original_start": 0.004792727704814225,
      "original_end": 16.560105169479957,
      "extension_fraction": 0.1
    }
  },
  "c_index": 0.7641406041165464,
  "thresholds": {
    "beta_rmse": 0.1,
    "hazard_irmse": 0.05,
    "c_index": 0.75
  },
  "thresholds_met": {
    "beta_rmse": true,
    "hazard_irmse": false,
    "c_index": true
  }
}