{
  "beta": {
    "rmse": 0.058115609846580894,
    "mae": 0.04340541804303458,
    "max_abs_error": 0.10990837536866516,
    "per_coeff_relative_error": [
      0.02633711931781204,
      0.21981674634099535,
      0.07676817765799862,
      0.07172861219961217
    ],
    "estimated": [
      1.0263371195811832,
      -0.6099083753686652,
      0.2769695459349186,
      -0.18565427684279145
    ],
    "true": [
      1.0,
      -0.5,
      0.3,
      -0.2
    ]
  },
  "hazard": {
    "integrated_mse": 242.64551786990748,
    "integrated_relative_mse": 2.0986376700479257,
    "pointwise_max_error": 50.5269659864547,
    "covariate_scaling_adjustment": 1.022197900992862,
    "time_window": {
      "normalized_start": 0.0001,
      "normalized_end": 1.1,
      "original_start": 0.0020240385512528968,
      "original_end": 14.126724005489317,
      "extension_fraction": 0.1
    }
  },
  "c_index": 0.7643061321826755,
  "thresholds": {
    "beta_rmse": 0.1,
    "hazard_irmse": 0.05,
    "c_index": 0.75
  },
  "thresholds_met": {
    "beta_rmse": true,
    "hazard_irmse": false,
    "c_index": true
  }
}