{
  "beta": {
    "rmse": 0.01893664443429266,
    "mae": 0.01893664443429266,
    "max_abs_error": 0.01893664443429266,
    "per_coeff_relative_error": [
      0.01262442953869891
    ],
    "estimated": [
      1.5189366444342927
    ],
    "true": [
      1.5
    ]
  },
  "hazard": {
    "integrated_mse": 60.99149336799584,
    "integrated_relative_mse": 0.08475180181669319,
    "pointwise_max_error": 31.57054419111099,
    "covariate_scaling_adjustment": 1.044861599026059,
    "time_window": {
      "normalized_start": 0.0001,
      "normalized_end": 1.1,
      "original_start": 0.002805175158269489,
      "original_end": 17.992026496942536,
      "extension_fraction": 0.1
    }
  },
  "c_index": 0.7864421562258038,
  "thresholds": {
    "beta_rmse": 0.1,
    "hazard_irmse": 0.05,
    "c_index": 0.75
  },
  "thresholds_met": {
    "beta_rmse": true,
    "hazard_irmse": false,
    "c_index": true
  }
}