{
  "beta": {
    "rmse": 0.07765966708015415,
    "mae": 0.07765966708015415,
    "max_abs_error": 0.07765966708015415,
    "per_coeff_relative_error": [
      0.05177311104161536
    ],
    "estimated": [
      1.5776596670801541
    ],
    "true": [
      1.5
    ]
  },
  "hazard": {
    "integrated_mse": 39.34323265536198,
    "integrated_relative_mse": 109.71079002537853,
    "pointwise_max_error": 25.251778733094003,
    "covariate_scaling_adjustment": 1.046635815023781,
    "time_window": {
      "normalized_start": 0.0001,
      "normalized_end": 1.1,
      "original_start": 0.003406611770586163,
      "original_end": 23.64804447453635,
      "extension_fraction": 0.1
    }
  },
  "c_index": 0.785885545581964,
  "thresholds": {
    "beta_rmse": 0.1,
    "hazard_irmse": 0.05,
    "c_index": 0.75
  },
  "thresholds_met": {
    "beta_rmse": true,
    "hazard_irmse": false,
    "c_index": true
  }
}